{"cameraMode":{"drawMode":0,"name":"Shaded","section":"Shading Mode"},"sceneLighting":true,"audioPlay":false,"sceneViewState":{"m_AlwaysRefresh":false,"showFog":true,"showSkybox":true,"showFlares":true,"showImageEffects":true,"showParticleSystems":true,"showVisualEffectGraphs":true,"m_FxEnabled":true},"in2DMode":false,"pivot":{"x":0.7683342099189758,"y":-1.5973910093307496,"z":4.76369047164917},"rotation":{"x":-0.25793784856796267,"y":0.013787373900413514,"z":-0.0035169993061572315,"w":-0.9664514660835266},"size":3.4374163150787355,"orthographic":false}